{
  "project_info": {
    "project_number": "338933548748",
    "firebase_url": "https://mapproject-eac5c-default-rtdb.firebaseio.com",
    "project_id": "mapproject-eac5c",
    "storage_bucket": "mapproject-eac5c.appspot.com"
  },
  "client": [
    {
      "client_info": {
        "mobilesdk_app_id": "1:338933548748:android:e1defba0250bc3d441a469",
        "android_client_info": {
          "package_name": "id.ac.umn.darren_hard_carry_uas_map"
        }
      },
      "oauth_client": [
        {
          "client_id": "338933548748-0m9ef5tajlt08givstiv5j8efs3h03rv.apps.googleusercontent.com",
          "client_type": 3
        }
      ],
      "api_key": [
        {
          "current_key": "AIzaSyDLupQqkQ5WqFmnMuJuenxBZzAHjyeahUY"
        }
      ],
      "services": {
        "appinvite_service": {
          "other_platform_oauth_client": [
            {
              "client_id": "338933548748-0m9ef5tajlt08givstiv5j8efs3h03rv.apps.googleusercontent.com",
              "client_type": 3
            }
          ]
        }
      }
    }
  ],
  "configuration_version": "1"
}